Quan Ye,yi1@gmail.com,yi7766,yi7766
UO Kaka,kaka@gmail.com,kaka7777,kaka7777
Hal Elrod,elrod@gmail.com,9090,9090
Yin Yamal,yamal@gmail.com,89788,89788
Ro Rotha,rotha@gmail.com,0989Ratha,0989Ratha
Kong Keng,keng@gmail.com,keng1234,keng1234
Oh Lala,lala@gmail.com,lala123,lala123
Seng Piseth,piseth@gmail.com,piseth2323@,piseth2323@
SAREN Sokmeak,sokmeak7@gmail.com,Sokmeak7777@,Sokmeak7777@

Hin Nana,nana@gmail.com,nana1234@,nana1234@
Rodri,rodri@gmail.com,rodri10,rodri10
Heng Yaya,yaya@gmail.com,yaya1212@,yaya1212@
